INSERT INTO users (phone,created_at)
VALUES
    ('79204093861','2021-10-10'),
    ('79402531701','2021-11-6'),
    ('79295432619','2021-7-13'),
    ('79595549466','2021-6-28'),
    ('79758067139','2021-1-8'),
    ('79154101466','2021-9-9'),
    ('79461623803','2021-3-12'),
    ('79673210146','2021-6-11'),
    ('79181931553','2021-8-31'),
    ('79514457403','2020-12-21'),
    ('79125818757','2021-10-25'),
    ('79712918081','2021-4-11'),
    ('79181787055','2021-1-13'),
    ('79961268555','2021-6-12'),
    ('79922256115','2021-1-9'),
    ('79747651866','2021-1-26'),
    ('79168391823','2021-6-29'),
    ('79793726787','2021-10-27'),
    ('79649838138','2021-12-31'),
    ('79752522625','2021-9-6'),
    ('79407530821','2021-8-11'),
    ('79668243720','2021-3-22'),
    ('79321543427','2021-8-20'),
    ('79866287263','2021-10-23'),
    ('79048391043','2021-11-27'),
    ('79963605634','2021-1-3'),
    ('79733131347','2021-3-23'),
    ('79487940716','2021-6-14'),
    ('79897874592','2021-7-30'),
    ('79028621713','2021-9-15'),
    ('79481104298','2021-7-26'),
    ('79513157895','2021-6-2'),
    ('79174037111','2021-1-18'),
    ('79389765292','2021-8-10'),
    ('79311886353','2021-7-22'),
    ('79914326366','2021-3-14'),
    ('79781384344','2021-10-25'),
    ('79568655302','2021-6-4'),
    ('79866437460','2021-8-31'),
    ('79067662273','2021-2-11'),
    ('79266123382','2021-3-7'),
    ('79156577154','2021-6-19'),
    ('79575199363','2021-3-11'),
    ('79794230866','2021-5-2'),
    ('79757340688','2021-3-15'),
    ('79742755350','2021-11-30'),
    ('79897755767','2021-11-21'),
    ('79935865777','2021-5-6'),
    ('79032757373','2021-8-3'),
    ('79751759077','2021-2-2');
INSERT INTO products (name,created_at)
VALUES
    ('sem','2022-6-12'),
    ('consequat','2022-8-13'),
    ('dolor','2022-2-21'),
    ('Etiam','2021-2-12'),
    ('ipsum.','2022-12-8'),
    ('lorem','2022-8-26'),
    ('turpis.','2021-2-4'),
    ('egestas','2022-11-16'),
    ('sed','2022-3-19'),
    ('Cum','2021-1-22'),
    ('nec,','2021-12-19'),
    ('elementum','2021-7-1'),
    ('mauris','2022-1-10'),
    ('rhoncus.','2021-11-27'),
    ('lectus','2021-2-28'),
    ('Nam','2022-10-18'),
    ('elit,','2021-5-5'),
    ('Donec','2021-7-13'),
    ('Aliquam','2021-10-9'),
    ('condimentum','2022-6-1'),
    ('eu','2021-4-26'),
    ('eget','2021-1-5'),
    ('turpis','2022-11-20'),
    ('risus.','2021-3-18'),
    ('pretium','2022-7-1'),
    ('Integer','2022-1-4'),
    ('dui.','2022-2-20'),
    ('ut,','2021-6-10'),
    ('massa','2021-10-28'),
    ('consectetuer,','2021-3-12'),
    ('nibh','2022-11-12'),
    ('a','2021-6-6'),
    ('ante.','2021-2-8'),
    ('at,','2021-3-21'),
    ('neque.','2022-6-9'),
    ('quis,','2021-12-21'),
    ('velit','2021-1-28'),
    ('nec','2021-8-26'),
    ('turpis','2022-5-16'),
    ('accumsan','2022-5-9'),
    ('iaculis','2021-11-29'),
    ('aliquam','2022-12-14'),
    ('nonummy','2021-4-4'),
    ('et','2021-4-23'),
    ('ac','2020-12-19'),
    ('venenatis','2021-7-23'),
    ('dis','2021-6-17'),
    ('fermentum','2022-12-28'),
    ('est,','2022-8-9');

INSERT INTO phone_auth_request (phone,created_at,success,code)
VALUES
    ('79897874592','2021-11-4',true,'4217'),
    ('79154101466','2021-2-28',false,'6105'),
    ('79513157895','2021-11-5',true,'4469'),
    ('79461623803','2021-2-5',true,'7942'),
    ('79897874592','2021-11-16',false,'2974'),
    ('79487940716','2021-3-5',true,'5622'),
    ('79487940716','2021-3-5',false,'3644'),
    ('79733131347','2021-12-3',false,'5708'),
    ('79154101466','2021-4-19',false,'8362'),
    ('79514457403','2021-2-23',true,'4972'),
    ('79668243720','2021-4-26',true,'9024'),
    ('79866287263','2021-3-15',true,'7648'),
    ('79673210146','2021-5-13',false,'4324'),
    ('79204093861','2021-9-27',false,'6445'),
    ('79866437460','2021-5-5',false,'5342'),
    ('79402531701','2021-6-11',false,'4677'),
    ('79181787055','2021-10-27',false,'9457'),
    ('79028621713','2021-8-22',false,'8253'),
    ('79174037111','2021-5-12',true,'0413'),
    ('79181787055','2021-8-12',true,'8494'),
    ('79174037111','2021-6-11',true,'3503'),
    ('79752522625','2021-12-6',true,'8946'),
    ('79742755350','2021-12-6',false,'5355'),
    ('79794230866','2021-5-29',true,'1068'),
    ('79048391043','2021-6-21',false,'7017'),
    ('79742755350','2021-9-19',true,'8266'),
    ('79742755350','2021-9-13',true,'4789'),
    ('79154101466','2021-7-18',true,'7073'),
    ('79963605634','2021-7-29',false,'8595'),
    ('79922256115','2021-2-9',false,'6809'),
    ('79389765292','2021-4-22',false,'3225'),
    ('79461623803','2021-6-2',false,'5631'),
    ('79174037111','2021-3-26',false,'1201'),
    ('79673210146','2021-12-1',true,'5514'),
    ('79181787055','2021-7-31',false,'4372'),
    ('79922256115','2021-5-25',false,'2285'),
    ('79311886353','2021-8-23',true,'2232'),
    ('79032757373','2021-7-12',true,'3123'),
    ('79168391823','2021-9-15',true,'2272'),
    ('79125818757','2021-8-23',true,'0522'),
    ('79922256115','2021-5-18',false,'7458'),
    ('79733131347','2021-11-15',true,'6072'),
    ('79922256115','2021-3-15',false,'8344'),
    ('79174037111','2021-4-11',false,'1316'),
    ('79897755767','2021-5-29',false,'5254'),
    ('79794230866','2021-4-14',true,'3562'),
    ('79742755350','2021-5-17',true,'4556'),
    ('79266123382','2021-8-20',true,'0410'),
    ('79402531701','2021-1-8',false,'0595'),
    ('79181787055','2021-11-12',true,'6753');


INSERT INTO phone_auth_request_attempts (phone_auth_requests_id,created_at,success,input_code)
VALUES
    (15,'2021-2-16',false,'2325'),
    (23,'2021-2-19',false,'2315'),
    (40,'2021-12-2',true,'0584'),
    (1,'2021-9-12',true,'9102'),
    (20,'2021-5-19',true,'5647'),
    (34,'2021-1-31',true,'8348'),
    (34,'2021-8-9',true,'8107'),
    (24,'2021-8-24',false,'4713'),
    (26,'2021-10-19',true,'8313'),
    (24,'2021-10-18',true,'6395'),
    (43,'2021-9-18',true,'7621'),
    (49,'2020-12-25',false,'2687'),
    (7,'2021-9-1',true,'6454'),
    (33,'2021-6-16',false,'6975'),
    (11,'2021-8-3',true,'0514'),
    (40,'2021-4-10',true,'4874'),
    (25,'2021-11-10',false,'4388'),
    (34,'2021-4-28',true,'3734'),
    (25,'2021-9-17',true,'5107'),
    (10,'2021-10-28',true,'4245'),
    (20,'2021-10-2',false,'6358'),
    (15,'2021-9-12',false,'9689'),
    (22,'2021-4-5',false,'4851'),
    (14,'2021-8-7',false,'2296'),
    (5,'2021-1-8',true,'2248'),
    (8,'2021-7-10',false,'3151'),
    (13,'2021-5-8',true,'9359'),
    (11,'2021-4-4',true,'7123'),
    (22,'2021-11-12',true,'5772'),
    (37,'2021-3-4',false,'1375'),
    (46,'2021-1-26',false,'5868'),
    (22,'2021-8-14',true,'7656'),
    (13,'2021-7-18',true,'2460'),
    (27,'2021-10-20',true,'5175'),
    (41,'2021-9-6',false,'2686'),
    (31,'2021-5-12',false,'7656'),
    (19,'2020-12-21',false,'4972'),
    (38,'2021-1-4',true,'2760'),
    (36,'2021-10-7',false,'7354'),
    (36,'2021-6-25',true,'9805'),
    (4,'2021-4-10',true,'9889'),
    (8,'2021-9-22',true,'5779'),
    (13,'2021-11-16',false,'8514'),
    (7,'2021-5-30',true,'7713'),
    (7,'2021-9-4',false,'6267'),
    (40,'2021-7-29',true,'9613'),
    (4,'2021-9-30',true,'4655'),
    (13,'2021-5-12',true,'2532'),
    (15,'2021-5-8',false,'0701'),
    (46,'2021-11-16',false,'4788');
INSERT INTO phone_auth_request_attempts (phone_auth_requests_id,created_at,success,input_code)
VALUES
    (17,'2021-11-23',false,'6567'),
    (47,'2021-8-16',false,'6793'),
    (29,'2021-3-24',false,'6827'),
    (16,'2021-6-19',true,'4459'),
    (48,'2021-3-29',false,'8931'),
    (48,'2021-8-19',false,'6265'),
    (9,'2021-9-14',false,'1147'),
    (15,'2021-4-30',true,'4106'),
    (32,'2021-5-3',false,'5387'),
    (39,'2021-2-4',true,'7282'),
    (23,'2021-6-26',true,'8425'),
    (48,'2021-1-17',true,'5566'),
    (12,'2021-12-4',false,'3395'),
    (23,'2021-9-17',false,'4665'),
    (13,'2021-1-23',false,'2484'),
    (34,'2021-2-5',false,'2979'),
    (33,'2021-12-31',false,'7151'),
    (46,'2021-5-18',true,'9766'),
    (14,'2021-5-31',false,'4868'),
    (45,'2021-5-2',false,'6121'),
    (17,'2021-10-12',true,'7814'),
    (13,'2021-5-25',true,'6084'),
    (11,'2021-9-25',false,'8145'),
    (50,'2021-11-11',true,'3456'),
    (10,'2020-12-21',false,'5341'),
    (8,'2021-6-6',false,'8983'),
    (44,'2021-11-29',false,'6360'),
    (38,'2021-8-15',false,'2430'),
    (20,'2021-6-7',false,'5663'),
    (31,'2021-3-24',false,'9932'),
    (40,'2021-4-29',true,'3360'),
    (34,'2021-6-15',false,'4928'),
    (10,'2021-5-30',false,'7246'),
    (3,'2021-4-29',false,'1230'),
    (49,'2021-6-14',false,'2720'),
    (46,'2021-7-8',true,'9149'),
    (45,'2021-11-26',true,'7584'),
    (16,'2021-10-14',true,'1342'),
    (4,'2021-3-29',false,'7655'),
    (48,'2021-11-24',true,'7092'),
    (2,'2021-7-4',false,'9457'),
    (2,'2021-2-11',true,'7125'),
    (47,'2021-11-19',false,'9337'),
    (20,'2021-2-26',true,'4066'),
    (27,'2021-3-15',true,'1563'),
    (48,'2021-3-3',false,'5082'),
    (2,'2020-12-21',true,'6835'),
    (24,'2021-3-3',false,'7860'),
    (24,'2021-1-22',true,'4537'),
    (27,'2021-6-25',true,'5010');
INSERT INTO phone_auth_request_attempts (phone_auth_requests_id,created_at,success,input_code)
VALUES
    (1,'2021-2-3',false,'1862'),
    (23,'2021-5-25',false,'7953'),
    (27,'2021-4-3',false,'2235'),
    (33,'2021-9-15',true,'4189'),
    (43,'2021-1-2',true,'2723'),
    (32,'2021-1-18',true,'7415'),
    (28,'2021-4-27',false,'5325'),
    (8,'2021-12-6',false,'3255'),
    (14,'2021-10-17',false,'4266'),
    (1,'2021-3-11',false,'4550'),
    (12,'2020-12-20',false,'7407'),
    (47,'2021-12-5',false,'1742'),
    (44,'2021-5-24',false,'3875'),
    (42,'2021-10-25',false,'5331'),
    (7,'2021-6-17',true,'9347'),
    (46,'2021-2-24',true,'7911'),
    (2,'2021-5-2',false,'8925'),
    (40,'2021-2-15',false,'2532'),
    (11,'2021-2-24',false,'6552'),
    (12,'2021-9-9',true,'9736'),
    (48,'2021-3-21',false,'4464'),
    (30,'2021-2-24',false,'9736'),
    (39,'2021-12-31',false,'0852'),
    (13,'2021-3-10',true,'8668'),
    (15,'2021-10-3',true,'4651'),
    (11,'2021-3-29',true,'6327'),
    (29,'2021-7-15',false,'2579'),
    (42,'2021-3-1',true,'5966'),
    (35,'2021-4-15',true,'2375'),
    (34,'2021-3-13',false,'8337'),
    (12,'2021-10-6',false,'0245'),
    (16,'2021-3-11',false,'0759'),
    (38,'2021-8-5',true,'4132'),
    (27,'2021-5-3',true,'8111'),
    (1,'2021-11-14',true,'6457'),
    (4,'2021-6-7',true,'6962'),
    (41,'2021-4-16',true,'5687'),
    (20,'2021-7-25',false,'3527'),
    (47,'2021-8-5',false,'7263'),
    (14,'2021-2-4',true,'6470'),
    (48,'2021-9-9',true,'6635'),
    (50,'2021-7-13',true,'6453'),
    (20,'2021-10-31',true,'6827'),
    (7,'2021-8-3',false,'8331'),
    (36,'2021-11-1',false,'7126'),
    (16,'2021-7-13',true,'5294'),
    (46,'2021-8-12',false,'3558'),
    (29,'2021-8-22',false,'7838'),
    (16,'2021-3-31',true,'6283'),
    (39,'2021-3-28',true,'6186');
INSERT INTO phone_auth_request_attempts (phone_auth_requests_id,created_at,success,input_code)
VALUES
    (46,'2021-4-14',false,'3572'),
    (23,'2021-8-7',false,'7345'),
    (30,'2021-1-16',true,'4344'),
    (10,'2021-2-15',true,'6350'),
    (20,'2021-5-6',false,'8828'),
    (12,'2021-1-29',true,'6274'),
    (18,'2021-6-14',false,'0275'),
    (12,'2021-8-31',false,'7194'),
    (20,'2021-4-9',false,'3951'),
    (9,'2021-3-5',false,'2551'),
    (29,'2021-1-13',true,'4558'),
    (41,'2021-11-16',true,'2266'),
    (28,'2021-11-9',true,'3134'),
    (18,'2021-5-14',false,'6572'),
    (39,'2021-3-8',true,'5666'),
    (2,'2021-12-1',true,'6854'),
    (17,'2021-4-10',false,'8466'),
    (37,'2021-7-16',false,'6115'),
    (17,'2021-9-27',true,'9156'),
    (48,'2021-5-24',false,'2318'),
    (4,'2021-4-28',true,'5711'),
    (34,'2021-11-15',false,'1389'),
    (9,'2021-7-15',true,'1872'),
    (32,'2021-11-20',false,'9890'),
    (19,'2021-9-3',false,'4126'),
    (17,'2021-6-10',false,'5773'),
    (29,'2021-9-7',true,'2658'),
    (30,'2021-2-21',false,'1077'),
    (48,'2021-9-27',false,'6852'),
    (23,'2021-3-20',true,'1436'),
    (27,'2021-8-22',false,'6146'),
    (46,'2021-5-12',true,'4126'),
    (7,'2021-2-8',false,'5982'),
    (8,'2021-8-22',true,'7786'),
    (16,'2021-1-3',false,'3645'),
    (2,'2021-7-14',false,'6276'),
    (21,'2021-9-3',false,'1745'),
    (17,'2021-7-31',true,'8466'),
    (24,'2021-10-3',false,'9206'),
    (20,'2021-11-15',true,'8556'),
    (18,'2021-1-14',false,'3655'),
    (44,'2021-2-21',false,'7182'),
    (11,'2020-12-22',true,'6746'),
    (24,'2021-4-4',false,'2153'),
    (23,'2021-9-24',false,'3272'),
    (28,'2021-5-28',true,'7671'),
    (10,'2021-12-3',true,'8821'),
    (36,'2021-7-25',true,'2110'),
    (30,'2021-2-18',false,'7573'),
    (2,'2021-3-3',false,'6823');
